<?xml version="1.0" encoding="UTF-8"?>
<!DOCTYPE generatorConfiguration
        PUBLIC "-//mybatis.org//DTD MyBatis Generator Configuration 1.0//EN"
        "http://mybatis.org/dtd/mybatis-generator-config_1_0.dtd">
<generatorConfiguration>

<!--    &lt;!&ndash;导入外部属性文件 &ndash;&gt;
    <properties resource="generator.properties"></properties>-->

    <!--指定特定数据库的jdbc驱动jar包的位置 -->
    <classPathEntry location="D:\software\mysql-connector-java-5.1.46.jar"/>

    <context id="bitcoinexplorer0903tables"    targetRuntime="MyBatis3">
        <!-- optional，旨在创建class时，对注释进行控制 -->
        <commentGenerator>
            <property name="suppressDate" value="true"/>
            <property name="suppressAllComments" value="true"/>
        </commentGenerator>

        <!--数据库链接信息-->
        <jdbcConnection driverClass="com.mysql.jdbc.Driver" connectionURL="jdbc:mysql://localhost:3306/bitcoinexplorer0903db" userId="root" password="123456">
        </jdbcConnection>

        <!-- 非必需，类型处理器，在数据库类型和java类型之间的转换控制-->
        <javaTypeResolver>
            <property name="forceBigDecimals" value="false"/>
        </javaTypeResolver>

        <!--生成Model类存放位置-->
        <javaModelGenerator targetPackage="io.cjf.bitcoinexplorer0903.po" targetProject="src/main/java">
            <!-- 是否对model添加 构造函数 -->
            <property name="constructorBased" value="false"/>
            <!-- 是否允许子包，即targetPackage.schemaName.tableName -->
            <property name="enableSubPackages" value="false"/>
            <!-- 是否对类CHAR类型的列的数据进行trim操作 -->
            <property name="trimStrings" value="true"/>
            <!-- 建立的Model对象是否 不可改变  即生成的Model对象不会有 setter方法，只有构造方法 -->
            <property name="immutable" value="false"/>
        </javaModelGenerator>

        <!--生成映射文件存放位置-->
        <sqlMapGenerator targetPackage="io.cjf.bitcoinexplorer0903.dao" targetProject="src/main/resources">
            <property name="enableSubPackages" value="false"/>
        </sqlMapGenerator>

        <!--生成Dao类存放位置-->
        <!-- 客户端代码，生成易于使用的针对Model对象和XML配置文件 的代码
                type="ANNOTATEDMAPPER",生成Java Model 和基于注解的Mapper对象
                type="MIXEDMAPPER",生成基于注解的Java Model 和相应的Mapper对象
                type="XMLMAPPER",生成SQLMap XML文件和独立的Mapper接口
        -->
        <javaClientGenerator type="XMLMAPPER" targetPackage="io.cjf.bitcoinexplorer0903.dao" targetProject="src/main/java">
            <property name="enableSubPackages" value="false"/>
        </javaClientGenerator>


        <!--生成对应表及类名-->
<!--
        <table tableName="tbl_ont_enterprise" domainObjectName="Enterprise" enableCountByExample="false" enableUpdateByExample="false" enableDeleteByExample="false" enableSelectByExample="false" selectByExampleQueryId="false"></table>
-->

<!--
        <table tableName="tbl_kyc_sms" domainObjectName="Sms" enableCountByExample="false" enableUpdateByExample="false" enableDeleteByExample="false" enableSelectByExample="false" selectByExampleQueryId="false"></table>
-->


<!--
        <table tableName="tbl_kyc_individual" domainObjectName="Individual" enableCountByExample="false" enableUpdateByExample="false" enableDeleteByExample="false" enableSelectByExample="false" selectByExampleQueryId="false"></table>
-->

        <!--<table tableName="tbl_kyc_audit" domainObjectName="AuditResult" enableCountByExample="false" enableUpdateByExample="false" enableDeleteByExample="false" enableSelectByExample="false" selectByExampleQueryId="false"></table>-->

<!--
        <table tableName="tbl_kyc_auditor" domainObjectName="Auditor" enableCountByExample="false" enableUpdateByExample="false" enableDeleteByExample="false" enableSelectByExample="false" selectByExampleQueryId="false"></table>
-->

        <!--
                <table tableName="tbl_ont_email" domainObjectName="Email" enableCountByExample="false" enableUpdateByExample="false" enableDeleteByExample="false" enableSelectByExample="false" selectByExampleQueryId="false"></table>
        -->
        <!--<table tableName="zk_product" domainObjectName="Product" enableCountByExample="false" enableUpdateByExample="false" enableDeleteByExample="false" enableSelectByExample="false" selectByExampleQueryId="false"></table>-->
        <!--<table tableName="zk_brand" domainObjectName="Brand" enableCountByExample="false" enableUpdateByExample="false" enableDeleteByExample="false" enableSelectByExample="false" selectByExampleQueryId="false"></table>-->
        <!--<table tableName="yk_customer" domainObjectName="Customer" enableCountByExample="false" enableUpdateByExample="false" enableDeleteByExample="false" enableSelectByExample="false" selectByExampleQueryId="false"></table>-->
        <!--<table tableName="yk_company" domainObjectName="Company" enableCountByExample="false" enableUpdateByExample="false" enableDeleteByExample="false" enableSelectByExample="false" selectByExampleQueryId="false"></table>-->
        <!--<table tableName="yk_area" domainObjectName="Area" enableCountByExample="false" enableUpdateByExample="false" enableDeleteByExample="false" enableSelectByExample="false" selectByExampleQueryId="false"></table>-->
        <!--<table tableName="zk_service_order" domainObjectName="ServiceOrder" enableCountByExample="false" enableUpdateByExample="false" enableDeleteByExample="false" enableSelectByExample="false" selectByExampleQueryId="false"></table>-->
        <!--<table tableName="zk_service_position" domainObjectName="ServicePosition" enableCountByExample="false" enableUpdateByExample="false" enableDeleteByExample="false" enableSelectByExample="false" selectByExampleQueryId="false"></table>-->
        <table tableName="block" domainObjectName="Block" enableCountByExample="false" enableUpdateByExample="false" enableDeleteByExample="false" enableSelectByExample="false" selectByExampleQueryId="false"></table>

    </context>
</generatorConfiguration>