<?xml version="1.0" encoding="UTF-8"?>
<!DOCTYPE mapper PUBLIC "-//mybatis.org//DTD Mapper 3.0//EN" "http://mybatis.org/dtd/mybatis-3-mapper.dtd">
<mapper namespace="io.cjf.bitcoinexplorer0903.dao.BlockMapper">
  <resultMap id="BaseResultMap" type="io.cjf.bitcoinexplorer0903.po.Block">
    <id column="id" jdbcType="INTEGER" property="id" />
    <result column="blockhash" jdbcType="CHAR" property="blockhash" />
    <result column="height" jdbcType="INTEGER" property="height" />
    <result column="time" jdbcType="TIMESTAMP" property="time" />
    <result column="tx_count" jdbcType="INTEGER" property="txCount" />
    <result column="size_on_disk" jdbcType="INTEGER" property="sizeOnDisk" />
    <result column="difficulty" jdbcType="DOUBLE" property="difficulty" />
    <result column="pre_blockhash" jdbcType="CHAR" property="preBlockhash" />
    <result column="next_blockhash" jdbcType="CHAR" property="nextBlockhash" />
  </resultMap>
  <sql id="Base_Column_List">
    id, blockhash, height, time, tx_count, size_on_disk, difficulty, pre_blockhash, next_blockhash
  </sql>
  <select id="selectByPrimaryKey" parameterType="java.lang.Integer" resultMap="BaseResultMap">
    select 
    <include refid="Base_Column_List" />
    from block
    where id = #{id,jdbcType=INTEGER}
  </select>
  <delete id="deleteByPrimaryKey" parameterType="java.lang.Integer">
    delete from block
    where id = #{id,jdbcType=INTEGER}
  </delete>
  <insert id="insert" parameterType="io.cjf.bitcoinexplorer0903.po.Block">
    insert into block (id, blockhash, height, 
      time, tx_count, size_on_disk, 
      difficulty, pre_blockhash, next_blockhash
      )
    values (#{id,jdbcType=INTEGER}, #{blockhash,jdbcType=CHAR}, #{height,jdbcType=INTEGER}, 
      #{time,jdbcType=TIMESTAMP}, #{txCount,jdbcType=INTEGER}, #{sizeOnDisk,jdbcType=INTEGER}, 
      #{difficulty,jdbcType=DOUBLE}, #{preBlockhash,jdbcType=CHAR}, #{nextBlockhash,jdbcType=CHAR}
      )
  </insert>
  <insert id="insertSelective" parameterType="io.cjf.bitcoinexplorer0903.po.Block">
    insert into block
    <trim prefix="(" suffix=")" suffixOverrides=",">
      <if test="id != null">
        id,
      </if>
      <if test="blockhash != null">
        blockhash,
      </if>
      <if test="height != null">
        height,
      </if>
      <if test="time != null">
        time,
      </if>
      <if test="txCount != null">
        tx_count,
      </if>
      <if test="sizeOnDisk != null">
        size_on_disk,
      </if>
      <if test="difficulty != null">
        difficulty,
      </if>
      <if test="preBlockhash != null">
        pre_blockhash,
      </if>
      <if test="nextBlockhash != null">
        next_blockhash,
      </if>
    </trim>
    <trim prefix="values (" suffix=")" suffixOverrides=",">
      <if test="id != null">
        #{id,jdbcType=INTEGER},
      </if>
      <if test="blockhash != null">
        #{blockhash,jdbcType=CHAR},
      </if>
      <if test="height != null">
        #{height,jdbcType=INTEGER},
      </if>
      <if test="time != null">
        #{time,jdbcType=TIMESTAMP},
      </if>
      <if test="txCount != null">
        #{txCount,jdbcType=INTEGER},
      </if>
      <if test="sizeOnDisk != null">
        #{sizeOnDisk,jdbcType=INTEGER},
      </if>
      <if test="difficulty != null">
        #{difficulty,jdbcType=DOUBLE},
      </if>
      <if test="preBlockhash != null">
        #{preBlockhash,jdbcType=CHAR},
      </if>
      <if test="nextBlockhash != null">
        #{nextBlockhash,jdbcType=CHAR},
      </if>
    </trim>
  </insert>
  <update id="updateByPrimaryKeySelective" parameterType="io.cjf.bitcoinexplorer0903.po.Block">
    update block
    <set>
      <if test="blockhash != null">
        blockhash = #{blockhash,jdbcType=CHAR},
      </if>
      <if test="height != null">
        height = #{height,jdbcType=INTEGER},
      </if>
      <if test="time != null">
        time = #{time,jdbcType=TIMESTAMP},
      </if>
      <if test="txCount != null">
        tx_count = #{txCount,jdbcType=INTEGER},
      </if>
      <if test="sizeOnDisk != null">
        size_on_disk = #{sizeOnDisk,jdbcType=INTEGER},
      </if>
      <if test="difficulty != null">
        difficulty = #{difficulty,jdbcType=DOUBLE},
      </if>
      <if test="preBlockhash != null">
        pre_blockhash = #{preBlockhash,jdbcType=CHAR},
      </if>
      <if test="nextBlockhash != null">
        next_blockhash = #{nextBlockhash,jdbcType=CHAR},
      </if>
    </set>
    where id = #{id,jdbcType=INTEGER}
  </update>
  <update id="updateByPrimaryKey" parameterType="io.cjf.bitcoinexplorer0903.po.Block">
    update block
    set blockhash = #{blockhash,jdbcType=CHAR},
      height = #{height,jdbcType=INTEGER},
      time = #{time,jdbcType=TIMESTAMP},
      tx_count = #{txCount,jdbcType=INTEGER},
      size_on_disk = #{sizeOnDisk,jdbcType=INTEGER},
      difficulty = #{difficulty,jdbcType=DOUBLE},
      pre_blockhash = #{preBlockhash,jdbcType=CHAR},
      next_blockhash = #{nextBlockhash,jdbcType=CHAR}
    where id = #{id,jdbcType=INTEGER}
  </update>
</mapper>